Scrip Code,Scrip ID,Scrip Name,Status,Group,Face Value,ISIN No,Industry
544412,3BFILMS,3B Films Ltd,Active,MT,10.00,INE0TE101010,Capital Goods
544190,3CIT,3C IT Solutions and Telecoms (India) Ltd,Active,MT,5.00,INE0R7D01018,Information Technology
543319,AAPLUSTRAD,AA Plus Tradelink Ltd,Active,MT,1.00,INE0C5901022,Services
543346,AASHKA,Aashka Hospitals Ltd,Active,M,10.00,INE0EAX01014,Healthcare
540718,AAYUSHBULL,Aayush Art And Bullion Ltd,Active,M,10.00,INE777X01017,Textiles
544422,ABRFL,Abram Food Ltd,Active,M,10.00,INE0ZDY01011,Fast Moving Consumer Goods
543938,ACCELERATE,Acceleratebs India Ltd,Active,MT,10.00,INE0POP01017,Information Technology
544431,ACEALPHA,Ace Alpha Tech Ltd,Active,M,10.00,INE0S9X01011,Information Technology
539570,ACEWIN,Acewin Agriteck Ltd,D,MT,10.00,INE742R01013,Fast Moving Consumer Goods
536737,ACFSL,Amrapali Capital and Finance Services Ltd,Active,MT,10.00,INE218P01018,Financial Services
543499,ACHYUT,Achyut Healthcare Ltd,Active,M,1.00,INE0K1401020,Healthcare
544213,ACLD,Aelea Commodities Ltd,Active,M,10.00,INE0T3401029,Fast Moving Consumer Goods
540146,ACML,Aditya Consumer Marketing Ltd,Active,MT,10.00,INE427V01013,Consumer Services
544435,ADCOUNTY,Adcounty Media India Ltd,Active,M,10.00,INE0W1601012,"Media, Entertainment & Publication"
543309,ADESHWAR,Adeshwar Meditex Ltd,Active,M,10.00,INE0H8J01015,Healthcare
780018,ADHIRAJ (ITP),Adhiraj Distributors Ltd (ITP),Active,IP,10.00,INE067R01015,-
543377,ADISHAKTI,Adishakti Loha and Ispat Ltd,Active,M,10.00,INE0CWK01019,Capital Goods
544224,AFCOM,Afcom Holdings Ltd,Active,MT,10.00,INE0OXY01013,Services
537492,AGRIMONY,Agrimony Commodities Ltd,D,MT,10.00,INE567P01018,Services
543941,AHASOLAR,Ahasolar Technologies Ltd,Active,MT,10.00,INE0NEV01011,Consumer Services
544072,AIKPIPES,AIK Pipes and Polymers Ltd,Active,MT,10.00,INE0QFT01015,Capital Goods
544425,AJCJEWEL,AJC Jewel Manufacturers Ltd,Active,M,10.00,INE0XRR01010,Consumer Durables
543453,ALKOSIGN,Alkosign Ltd,Active,M,10.00,INE0KA601012,Fast Moving Consumer Goods
543937,ALPHAIND,Alphalogic Industries Ltd,Active,MT,10.00,INE0NZF01019,Capital Goods
543804,AMANAYA,Amanaya Ventures Ltd,Active,M,10.00,INE0G1V01016,Metals & Mining
543678,AMBOAGRI,Ambo Agritec Ltd,Active,M,10.00,INE0N6V01016,Fast Moving Consumer Goods
544037,AMIC,Amic Forging Ltd,Active,M,10.00,INE0P9J01013,Capital Goods
544169,AMKAY,Amkay Products Ltd,Active,M,10.00,INE0QSB01016,Healthcare
539265,AMRAFIN,Amrapali Fincap Ltd,Active,MT,10.00,INE990S01016,Financial Services
544353,AMWILL,Amwill Health Care Ltd,Active,M,10.00,INE0U2L01017,Healthcare
541006,ANGEL,Angel Fibers Ltd,Active,M,10.00,INE339Z01011,Textiles
539403,ARAMBHAN,Arambhan Hospitality Services Ltd,D,M,10.00,INE800S01017,Consumer Services
541401,ARIHANTINS,Arihant Institute Ltd,S,MT,10.00,INE997Z01016,Consumer Services
544025,ARROWHEAD,Arrowhead Seperation Engineering Ltd,Active,M,10.00,INE0PP401015,Capital Goods
543943,ASARFI,Asarfi Hospital Ltd,Active,MT,10.00,INE0DN001027,Healthcare
544183,ASSOCIATED,Associated Coaters Ltd,Active,MT,10.00,INE0RIQ01013,Capital Goods
544409,ASTONEALAB,Astonea Labs Ltd,Active,M,10.00,INE0TG901011,Healthcare
544417,ATENPAPERS,Aten Papers & Foam Ltd,Active,MT,10.00,INE0XCV01014,Forest Materials
539099,ATHCON,Athena Constructions Ltd,Active,M,10.00,INE291R01011,Realty
536492,ATWL,Ace Tours Worldwide Ltd,D,MT,10.00,INE926O01019,-
780004,AUTUMN (ITP),Autumn Builders Ltd (ITP),S,IP,10.00,INE733P01016,-
544337,AVAX,Avax Apparels and Ornaments Ltd,Active,MT,10.00,INE0NQ401016,Textiles
544177,AZTEC,Aztec Fluids & Machinery Ltd,Active,M,10.00,INE0SCB01016,Information Technology
543497,BCCL,Bhatia Colour Chem Ltd,Active,MT,10.00,INE0KQ001017,Chemicals
544369,BEEZAASAN,Beezaasan Explotech Ltd,Active,M,10.00,INE13VU01016,Chemicals
541178,BENARA,Benara Bearings and Pistons Ltd,Active,M,10.00,INE495Z01011,Capital Goods
544052,BENCHMARK,Benchmark Computer Solutions Ltd,Active,MT,10.00,INE0Q2Z01013,Information Technology
538576,BHANDERI,Bhanderi Infracon Ltd,Active,MT,10.00,INE336Q01016,Realty
543209,BILLWIN,Billwin Industries Ltd,Active,M,10.00,INE0CRS01012,Diversified
540148,BINDALEXPO,Bindal Exports Ltd,Active,MT,10.00,INE564V01013,Consumer Durables
543926,BIZOTIC,Bizotic Commercial Ltd,Active,MT,10.00,INE0OJ401014,Textiles
535279,BMAL,Bothra Metals & Alloys Ltd,Active,M,10.00,INE583M01012,Metals & Mining
543971,BONDADA,Bondada Engineering Ltd,Active,MT,2.00,INE0Q8P01029,Telecommunication
543439,BRANDBUCKT,Brandbucket Media & Technology Ltd,S,MT,10.00,INE0ILD01014,"Media, Entertainment & Publication"
544335,BRGIL,B.R.Goyal Infrastructure Ltd,Active,M,10.00,INE00ST01011,Construction
543831,BRIGHT,Bright Outdoor Media Ltd,Active,M,10.00,INE0OMI01019,"Media, Entertainment & Publication"
544101,BRISK,Brisk Technovision Ltd,Active,M,10.00,INE0Q6L01014,Information Technology
544231,BROACH,Broach Lifecare Hospital Ltd,Active,M,10.00,INE0SFZ01018,Healthcare
543543,BRRL,B-Right Realestate Ltd,Active,M,10.00,INE0IZQ01016,Realty
539637,BVL,Blueblood Ventures Ltd,S,M,10.00,INE562S01013,Financial Services
543621,CARGOSOL,Cargosol Logistics Ltd,Active,MT,10.00,INE0KZM01011,Services
543618,CARGOTRANS,Cargotrans Maritime Ltd,Active,M,10.00,INE0M4L01013,Services
542934,CBPL,Chandra Bhagat Pharma Ltd,Active,M,10.00,INE07QQ01016,Healthcare
544000,CCAL,City Crops Agro Ltd,Active,M,10.00,INE0M7501019,Fast Moving Consumer Goods
543920,CFF,CFF Fluid Control Ltd,Active,M,10.00,INE0NJ001013,Capital Goods
544151,CHATHA,Chatha Foods Ltd,Active,M,10.00,INE0AH901011,Fast Moving Consumer Goods
542678,CHCL,Cian Healthcare Ltd,Active,MT,10.00,INE05BN01019,Healthcare
540681,CHOTHANI,Chothani Foods Ltd,Active,MT,10.00,INE344X01016,Fast Moving Consumer Goods
544324,CITICHEM,Citichem India Ltd,Active,MT,10.00,INE0A8401016,Chemicals
780013,CITYON (ITP),Cityon Systems (India) Ltd (ITP),Active,IP,10.00,INE324P01014,-
543435,CLARA,Clara Industries Ltd,Active,MT,10.00,INE0JJS01014,Capital Goods
544347,CLN,CLN Energy Ltd,Active,MT,10.00,INE0WDX01010,Automobile and Auto Components
543619,CNCRD,Concord Control Systems Ltd,Active,M,10.00,INE0N0J01014,Capital Goods
535142,CNEL,Channel Nine Entertainment Ltd,S,MT,1.00,INE437O01025,"Media, Entertainment & Publication"
544343,CNINFOTECH,Capitalnumbers Infotech Ltd,Active,M,10.00,INE0WXM01011,Information Technology
543843,COMMAND,Command Polymers Ltd,Active,MT,10.00,INE0LKQ01012,Capital Goods
543921,COMRADE,Comrade Appliances Ltd,Active,MT,10.00,INE0NXA01015,Consumer Durables
543606,CONTAINE,Containe Technologies Ltd,Active,MT,10.00,INE0M8901010,Capital Goods
543928,COSMICCRF,Cosmic CRF Ltd,Active,M,10.00,INE0ORA01015,Capital Goods
543172,COSPOWER,Cospower Engineering Ltd,Active,M,10.00,INE0CQB01010,Capital Goods
544195,COTFAB,United Cotfab Ltd,Active,MT,10.00,INE0S0I01011,Textiles
542727,CPML,City Pulse Multiventures Ltd,Active,M,10.00,INE056001014,Consumer Services
540903,CRPRISK,CRP Risk Management Ltd,S,M,10.00,INE422M01013,Services
540652,CTCL,Captain Technocast Ltd,Active,M,10.00,INE931X01010,Capital Goods
544220,CTLLAB,Clinitech Laboratory Ltd,Active,MT,10.00,INE0QMR01015,Healthcare
543651,DAPS,DAPS Advertising Ltd,Active,MT,10.00,INE975Z01012,"Media, Entertainment & Publication"
544331,DAVIN,Davin Sons Retail Ltd,Active,MT,10.00,INE0Q2L01013,Textiles
542002,DCL,Devoted Construction Ltd,S,M,10.00,INE061Z01011,Realty
544036,DEEPAKCHEM,Deepak Chemtex Ltd,Active,M,10.00,INE0RDM01013,Chemicals
780006,DEKSON (ITP),Dekson Castings Ltd (ITP),S,IP,1000.00,INE465Q01013,-
544387,DESCO,Desco Infratech Ltd,Active,MT,10.00,INE0TGG01014,Construction
543848,DEVLAB,Dev Labtech Venture Ltd,Active,MT,10.00,INE0NIJ01017,Consumer Durables
544201,DFPL,Dindigul Farm Product Ltd,Active,MT,10.00,INE0S6R01027,Fast Moving Consumer Goods
542155,DGL,Diksha Greens Ltd,Active,M,10.00,INE01GR01018,Services
543753,DHARNI,Dharni Capital Services Ltd,Active,M,1.00,INE0M9Q01011,Financial Services
543516,DHYAANITR,Dhyaani Tradeventtures Ltd,Active,M,10.00,INE0K5F01014,Services
540151,DIKSAT,Diksat Transworld Ltd,Active,M,10.00,INE942P01013,"Media, Entertainment & Publication"
541299,DLCL,Dr Lalchandani Labs Ltd,Active,MT,10.00,INE871Z01013,Healthcare
540811,DML,Diggi Multitrade Ltd,Active,M,10.00,INE158R01012,Services
543410,DMR,DMR Hydroengineering & Infrastructures Ltd,Active,MT,10.00,INE07L501010,Services
543594,DPL,Dipna Pharmachem Ltd,Active,MT,10.00,INE0MC401013,Healthcare
540144,DRA,DRA Consultants Ltd,Active,M,10.00,INE746V01016,Services
543713,DRONACHRYA,Droneacharya Aerial Innovations Ltd,Active,MT,10.00,INE0MQD01015,Services
540695,DWL,Dhruv Wellness Ltd,Active,MT,10.00,INE109Y01011,Services
543765,EARTH,Earthstahl & Alloys Ltd,Active,M,10.00,INE0O4V01010,Capital Goods
534927,EBFL,Esteem Bio Organic Food Processing Ltd,D,MT,1.00,INE209O01028,Fast Moving Consumer Goods
534839,EFPL,Eco Friendly Food Processing Park Ltd,S,MT,1.00,INE178O01025,Fast Moving Consumer Goods
543518,EIGHTY,Eighty Jewellers Ltd,Active,M,10.00,INE0KSN01014,Consumer Durables
541053,EIS,East India Securities Ltd,D,M,10.00,INE482Z01019,Financial Services
543475,EKENNIS,Ekennis Software Service Ltd,Active,M,10.00,INE0KCM01010,Information Technology
544166,EMMFORCE,Emmforce Autotech Ltd,Active,MT,10.00,INE0SDC01012,Automobile and Auto Components
538684,ENCASH,Encash Entertainment Ltd,Active,MT,10.00,INE552Q01018,"Media, Entertainment & Publication"
543595,EPBIO,EP Biocomposites Ltd,Active,M,10.00,INE0D2I01014,Utilities
544094,EUPHORIAIT,Euphoria Infotech (India) Ltd,Active,MT,10.00,INE0PYT01018,Information Technology
542668,EVANS,Evans Electric Ltd,Active,MT,10.00,INE06TD01010,Services
543500,EVOQ,Evoq Remedies Ltd,Active,MT,10.00,INE0JVD01011,Services
543895,EXHICON,Exhicon Events Media Solutions Ltd,Active,MT,10.00,INE0O8901016,Consumer Services
544164,FAALCON,Faalcon Concepts Ltd,Active,M,10.00,INE0Q9W01015,Capital Goods
544332,FABCLEAN,Fabtech Technologies Cleanrooms Ltd,Active,MT,10.00,INE0HSD01011,Capital Goods
543444,FABINO,Fabino Enterprises Ltd,Active,MT,10.00,INE0DRT01018,Healthcare
539098,FILTRA,Filtra Consultants and Engineers Ltd,Active,M,10.00,INE541R01019,Utilities
543312,FOCUS,Focus Business Solution Ltd,Active,MT,10.00,INE0DXR01010,Information Technology
543521,FONE4,Fone4 Communications (India) Ltd,Active,MT,10.00,INE0L3H01014,Consumer Services
539839,FRANKLIN,Franklin Leasing and Finance Ltd,Active,M,10.00,INE399S01010,Financial Services
540945,FSSPL,Focus Suites Solutions & Services Ltd,D,M,10.00,INE180Z01019,Services
544173,FTL,Finelistings Technologies Ltd,Active,MT,10.00,INE0QOQ01013,Consumer Services
539680,GANGAPHARM,Ganga Pharmaceuticals Ltd,Active,M,10.00,INE615T01017,Healthcare
539041,GANVERSE,Ganesha Ecoverse Ltd,Active,M,10.00,INE369Q01017,Services
543709,GARGI,PNGS Gargi Fashion Jewellery Ltd,Active,M,10.00,INE0NT601018,Consumer Durables
544348,GBLOGISTIC,GB Logistics Commerce Ltd,Active,MT,10.00,INE0RWU01016,Services
538319,GCMCAPI,GCM Capital Advisors Ltd,Active,MT,10.00,INE191P01017,Financial Services
535917,GCMCOMM,GCM Commodity & Derivatives Ltd,Active,M,10.00,INE200P01016,Financial Services
544156,GCONNECT,Gconnect Logitech and Supply Chain Ltd,Active,MT,10.00,INE0QHY01011,Services
543324,GCSL,Gretex Corporate Services Ltd,Active,M,10.00,INE199P01028,Financial Services
540613,GEL,Gautam Exim Ltd,Active,MT,10.00,INE721X01015,Services
544199,GEMENVIRO,GEM Enviro Management Ltd,Active,MT,5.00,INE0RUJ01013,Utilities
543372,GETALONG,Getalong Enterprise Ltd,Active,M,1.00,INE0H1201020,Services
539864,GHUSHINE,Ghushine Fintrrade Ocean Ltd,S,M,10.00,INE009U01011,Textiles
542477,GLEAM,Gleam Fabmat Ltd,Active,MT,10.00,INE03CM01014,Services
543520,GLHRL,Global Longlife Hospital and Research Ltd,Active,MT,10.00,INE0J2K01014,Healthcare
543239,GMPL,G M Polyplast Ltd,Active,MT,10.00,INE0E2801015,Capital Goods
542850,GOBLIN,Goblin India Ltd,Active,M,10.00,INE492Z01018,Consumer Durables
543538,GOEL,Goel Food Products Ltd,Active,MT,10.00,INE0K6L01010,Consumer Services
780012,GOKULSOL (ITP),Gokul Solutions Ltd (ITP),S,IP,10.00,INE909Q01010,-
544108,GPSL,Gabriel Pet Straps Ltd,Active,MT,10.00,INE0QZF01012,Capital Goods
540938,GUJHYSPIN,Gujarat Hy-Spin Ltd,Active,M,10.00,INE578V01013,Textiles
544163,GVL,Greenhitech Ventures Ltd,Active,M,10.00,INE0S0701019,"Oil, Gas & Consumable Fuels"
544312,HAMPS,Hamps Bio Ltd,Active,M,10.00,INE0QBD01018,Fast Moving Consumer Goods
538731,HANMAN,Hanman Fit Ltd,Active,MT,10.00,INE982Q01017,Consumer Services
544105,HARSHDEEP,Harshdeep Hortico Ltd,Active,MT,10.00,INE0OLZ01015,Fast Moving Consumer Goods
780014,HASJUICE (ITP),Has Lifestyle Ltd (ITP),Active,IP,10.00,INE888Q01016,-
542592,HBEL,Humming Bird Education Ltd,Active,M,1.00,INE02PC01027,Consumer Services
543546,HEALTHYLIFE,Healthy Life Agritec Ltd,Active,M,10.00,INE0L3501015,Fast Moving Consumer Goods
544349,HMEML,H.M. Electro Mech Ltd,Active,MT,10.00,INE0DZD01015,Construction
535217,HPCBL,HPC Biosciences Ltd,S,MT,1.00,INE507O01025,Fast Moving Consumer Goods
543916,HSIL,Hemant Surgical Industries Ltd,Active,MT,10.00,INE0GYI01028,Healthcare
542935,ICLORGANIC,ICL Organic Dairy Products Ltd,D,MT,10.00,INE0AU701018,Fast Moving Consumer Goods
544426,ICON,Icon Facilitators Ltd,Active,M,10.00,INE0Y0E01012,Services
544388,IDENTIXWEB,Identixweb Ltd,Active,M,10.00,INE0PA401012,Information Technology
540152,IGRL,India Green Reality Ltd,S,MT,10.00,INE373V01019,Realty
543620,INA,Insolation Energy Ltd,Active,M,1.00,INE0LGX01024,Power
544334,INDOBELL,Indobell Insulations Ltd,Active,M,10.00,INE0FK501019,Capital Goods
543769,INDONG,Indong Tea Company Ltd,Active,MT,10.00,INE0KN201016,Fast Moving Consumer Goods
541083,INFLAME,Inflame Appliances Ltd,Active,MT,10.00,INE464Z01017,Consumer Durables
544393,INFONATIVE,Infonative Solutions Ltd,Active,MT,1.00,INE12IB01015,Information Technology
543905,INNOKAIZ,Innokaiz India Ltd,Active,MT,10.00,INE0LDI01022,"Media, Entertainment & Publication"
541983,INNOVATIVE,Innovative Ideals and Services (India) Ltd,Active,M,10.00,INE492Y01011,Services
541353,INNOVATORS,Innovators Facade Systems Ltd,Active,M,10.00,INE870Z01015,Capital Goods
543951,INNOVATUS,Innovatus Entertainment Networks Ltd,S,MT,10.00,INE0LYO01018,Consumer Services
543806,ITCONS,ITCONS E-Solutions Ltd,Active,MT,10.00,INE0O6A01019,Services
780001,JAISUKH DEAL (ITP),Jaisukh Dealers Ltd (ITP),Active,IP,10.00,INE190P01019,-
542924,JANUSCORP,Janus Corporation Ltd,S,MT,10.00,INE04OV01018,Diversified
543544,JAYANT,Jayant Infratech Ltd,Active,MT,10.00,INE0KR801019,Construction
544160,JAYKAILASH,Jay Kailash Namkeen Ltd,Active,MT,10.00,INE0MSS01019,Fast Moving Consumer Goods
540394,JDML,Jash Dealmark Ltd,D,MT,10.00,INE801W01017,Services
543286,JETMALL,Jetmall Spices and Masala Ltd,Active,MT,10.00,INE0D9X01018,Fast Moving Consumer Goods
538794,JETSOLAR,Jet Solar Ltd,Active,M,10.00,INE155R01018,Realty
540850,JFL,Jhandewalas Foods Ltd,Active,MT,10.00,INE841Y01019,Fast Moving Consumer Goods
540651,JIGAR,Jigar Cables Ltd,Active,M,10.00,INE943X01015,Capital Goods
780019,JIGYASA (ITP),Jigyasa Infrastructure Ltd (ITP),S,IP,10.00,INE107Q01011,-
542653,JINAAM,Jinaams Dress Ltd,D,MT,10.00,INE011201014,Textiles
534659,JOINTECAED,Jointeca Education Solutions Ltd,Active,MT,10.00,INE131N01018,Information Technology
542446,JONJUA,Jonjua Overseas Ltd,Active,M,10.00,INE793Z01027,Services
538765,JSHL,JLA Infraville Shoppers Ltd,Active,MT,10.00,INE401Q01018,Consumer Services
544304,JUNGLECAMP,Jungle Camps India Ltd,Active,MT,10.00,INE0WCH01015,Consumer Services
540756,KAARYAFSL,Kaarya Facilities and Services Ltd,Active,MT,10.00,INE282Y01016,Services
543979,KAHAN,Kahan Packaging Ltd,Active,M,10.00,INE04T901017,Capital Goods
543939,KAKA,Kaka Industries Ltd,Active,M,10.00,INE0P3N01018,Capital Goods
544023,KALYANI,Kalyani Cast-Tech Ltd,Active,M,10.00,INE0N6U01018,Capital Goods
537784,KCSL,Karnimata Cold Storage Ltd,Active,MT,10.00,INE576P01019,Services
539788,KDML,Khemani Distributors & Marketing Ltd,Active,MT,5.00,INE030U01025,Consumer Services
544398,KENRIK,Kenrik Industries Ltd,Active,MT,10.00,INE0AOG01018,Consumer Durables
543542,KESAR,Kesar India Ltd,Active,M,10.00,INE0L1C01019,Realty
544270,KGVL,Khyati Global Ventures Ltd,Active,M,10.00,INE0S9501014,Services
543953,KHAZANCHI,Khazanchi Jewellers Ltd,Active,M,10.00,INE0OWC01011,Consumer Durables
544221,KIZI,Kizi Apparels Ltd,Active,M,10.00,INE0RMR01013,Textiles
544013,KKSHL,KK Shah Hospitals Ltd,Active,M,10.00,INE0OH401016,Healthcare
540812,KMSL,Kids Medical Systems Ltd,S,MT,10.00,INE457Y01014,Healthcare
540468,KMSMEDI,KMS Medisurgi Ltd,Active,MT,10.00,INE870V01014,Healthcare
544139,KOURA,Koura Fine Diamond Jewelry Ltd,Active,MT,10.00,INE0M8R01011,Consumer Durables
544150,KPGEL,KP Green Engineering Ltd,Active,MT,5.00,INE0QVH01025,Capital Goods
543830,LABELKRAFT,Labelkraft Technologies Ltd,Active,M,10.00,INE0NLJ01011,Forest Materials
537669,LAXMIPATI,Laxmipati Engineering Works Ltd,Active,MT,10.00,INE920P01019,Capital Goods
541196,LEX,Lex Nimble Solutions Ltd,Active,MT,10.00,INE860Y01019,Services
544341,LGLL,Landmark Global Learning Ltd,Active,M,10.00,INE12QA01010,Consumer Services
544366,LKMEHTA,L.K.Mehta Polymers Ltd,Active,M,10.00,INE0FFF01017,Capital Goods
543746,LOGICA,Logica Infoway Ltd,Active,M,10.00,INE0BSU01018,Consumer Services
543624,MAAGHADV,Maagh Advertising and Marketing Services Ltd,S,M,1.00,INE0KY201021,"Media, Entertainment & Publication"
541973,MACH,Mac Hotels Ltd,Active,M,10.00,INE004Z01011,Consumer Services
543613,MAFIA,Mafia Trends Ltd,Active,M,10.00,INE0KQQ01011,Consumer Services
544188,MAGENTA,Magenta Lifecare Ltd,Active,M,10.00,INE0QZ901011,Consumer Durables
542503,MAHIP,Mahip Industries Ltd,S,M,10.00,INE00CX01017,Capital Goods
543874,MAIDEN,Maiden Forgings Ltd,Active,M,10.00,INE0O1T01010,Capital Goods
544351,MALPANI,Malpani Pipes And Fittings Ltd,Active,M,10.00,INE0YON01014,Capital Goods
540402,MANAS,Manas Properties Ltd,Active,MT,10.00,INE800W01019,Realty
544287,MANGALCOMP,Mangal Compusolution Ltd,Active,M,10.00,INE0RU901015,Services
544400,MANOJJEWEL,Manoj Jewellers Ltd,Active,M,10.00,INE0MV001018,Consumer Durables
534563,MASL,Max Alert Systems Ltd,S,MT,10.00,INE253N01010,Capital Goods
544248,MCEL,Mach Conferences And Events Ltd,Active,M,10.00,INE0UYT01018,Consumer Services
544106,MCFL,Mayank Cattle Food Ltd,Active,M,10.00,INE0R5Z01015,Fast Moving Consumer Goods
780009,MCL (ITP),Madhuban Constructions Ltd (ITP),S,IP,10.00,INE145Q01011,-
544073,MCPL,Manoj Ceramic Ltd,Active,M,10.00,INE0A6N01026,Consumer Durables
540150,MHEL,Mewar Hi-Tech Engineering Ltd,Active,MT,10.00,INE957U01011,Construction
541337,MILEFUR,Milestone Furniture Ltd,Active,MT,10.00,INE424Z01011,Consumer Durables
544015,MISHDESIGN,Mish Designs Ltd,Active,MT,10.00,INE0QI101019,Textiles
542801,MISQUITA,Misquita Engineering Ltd,Active,M,10.00,INE957W01025,Capital Goods
543539,MODIS,Modis Navnirman Ltd,Active,M,10.00,INE0L0L01012,Realty
543262,MRP,MRP Agro Ltd,Active,M,10.00,INE0D7801012,Consumer Services
539229,MRSS,Majestic Research Services and Solutions Ltd,S,MT,10.00,INE196R01012,Diversified
544313,NACDAC,NACDAC Infrastructure Ltd,Active,MT,10.00,INE0LB101011,Construction
544373,NAPSGLOBAL,NAPS Global India Ltd,Active,MT,10.00,INE0VNH01014,Textiles
543579,NATURO,Naturo Indiabull Ltd,Active,MT,10.00,INE0JNB01012,Fast Moving Consumer Goods
539521,NAVIGANT,Navigant Corporate Advisors Ltd,Active,MT,10.00,INE364T01012,Financial Services
543305,NAVODAYENT,Navoday Enterprises Ltd,S,MT,10.00,INE0DB001013,Services
544434,NEETUYOSHI,Neetu Yoshi Ltd,Active,M,5.00,INE0UZO01024,Capital Goods
540698,NEL,Nouritrans Exim Ltd,D,MT,10.00,INE555X01017,Services
536644,NEWEVER,Newever Trade Wings Ltd,D,MT,10.00,INE596O01010,Services
544265,NEXXUS,Nexxus Petro Industries Ltd,Active,M,10.00,INE0QUL01011,Chemicals
544245,NHL,Naturewings Holidays Ltd,Active,MT,10.00,INE0N4701016,Consumer Services
544296,NISUS,Nisus Finance Services Co Ltd,Active,M,10.00,INE0DQN01013,Financial Services
542771,NOVATEOR,Novateor Research Laboratories Ltd,Active,MT,10.00,INE08JY01013,Fast Moving Consumer Goods
544269,NPFL,Neopolitan Pizza And Foods Ltd,Active,M,10.00,INE471R01019,Fast Moving Consumer Goods
544370,NUKLEUS,Nukleus Office Solutions Ltd,Active,M,10.00,INE0VYX01018,Services
543522,NVENTURES,Nanavati Ventures Ltd,Active,M,10.00,INE0E5R01017,Metals & Mining
540416,OCTAWARE,Octaware Technologies Ltd,Active,MT,10.00,INE208U01019,Information Technology
543578,OLATECH,Olatech Solutions Ltd,Active,MT,10.00,INE0M3901015,Information Technology
543400,OMNIPOTENT,Omnipotent Industries Ltd,Active,MT,10.00,INE0JFE01012,"Oil, Gas & Consumable Fuels"
539116,OPCHAINS,O. P. Chains Ltd,Active,MT,10.00,INE118Q01018,Services
543997,ORGANICREC,Organic Recycling Systems Ltd,Active,M,10.00,INE0MIO01019,Utilities
543637,PACE,Pace E-Commerce Ventures Ltd,Active,M,10.00,INE0N1L01018,Consumer Services
544330,PARMESHWAR,Parmeshwar Metal Ltd,Active,M,10.00,INE0QQJ01021,Capital Goods
543798,PATRON,Patron Exim Ltd,Active,M,10.00,INE0NPA01011,Chemicals
539352,PBFL,P. B. Films Ltd,Active,MT,10.00,INE212Q01019,"Media, Entertainment & Publication"
543814,PCL,Prospect Consumer Products Ltd,Active,M,10.00,INE0OKG01017,Fast Moving Consumer Goods
539273,PECOS,Pecos Hotels and Pubs Ltd,Active,M,10.00,INE484S01010,Consumer Services
544141,PESB,Pune E - Stock Broking Ltd,Active,MT,10.00,INE510U01018,Financial Services
544259,PFL,Popular Foundations Ltd,Active,M,10.00,INE0PZB01013,Construction
543540,PGCRL,Pearl Green Clubs and Resorts Ltd,Active,MT,10.00,INE0GTX01019,Fast Moving Consumer Goods
544178,PIOTEX,Piotex Industries Ltd,Active,MT,10.00,INE0R4W01015,Textiles
539401,PJL,Patdiam Jewellery Ltd,Active,MT,10.00,INE473T01011,Consumer Durables
543352,POBS,PlatinumOne Business Services Ltd,Active,M,10.00,INE0DTJ01015,Services
537573,POLYMAC,Polymac Thermoformers Ltd,Active,M,10.00,INE826P01018,Capital Goods
544383,PPARIVAH,Paradeep Parivahan Ltd,Active,MT,10.00,INE0SMW01011,Services
543363,PREVEST,Prevest Denpro Ltd,Active,M,10.00,INE0GAO01018,Healthcare
543375,PROMAX,Promax Power Ltd,Active,M,10.00,INE0I2F01015,Construction
544378,PSPL,PDP Shipping & Projects Ltd,Active,MT,10.00,INE0ABU01016,Services
534109,PYXISFIN,Pyxis Finvest Ltd,Active,MT,10.00,INE883L01018,Financial Services
544091,QLL,Qualitek Labs Ltd,Active,M,10.00,INE0Q1R01012,Services
543460,QRIL,Quality RO Industries Ltd,Active,MT,10.00,INE0KAF01018,Capital Goods
543982,QUESTFLOW,Quest Flow Controls Ltd,Active,MT,10.00,INE0OYE01013,Capital Goods
541703,RACONTEUR,Raconteur Global Resources Ltd,Active,M,10.00,INE00WY01013,Consumer Services
538921,RAFL,Raghuvansh Agrofarms Ltd,Active,M,10.00,INE865P01016,Fast Moving Consumer Goods
544291,RAJESH,Rajesh Power Services Ltd,Active,M,10.00,INE0VN801010,Utilities
544236,RAL,Resourceful Automobile Ltd,Active,MT,10.00,INE0SK201011,Automobile and Auto Components
541945,RANJEET,Ranjeet Mechatronics Ltd,Active,M,5.00,INE01A501027,Construction
544237,RAPID,Rapid Multimodal logistics Ltd,Active,M,10.00,INE0QA901010,Services
543285,RCAN,Rajeshwari Cans Ltd,Active,MT,10.00,INE0CQ101015,Capital Goods
543617,REETECH,Reetech International Ltd,Active,MT,10.00,INE0MKO01015,"Oil, Gas & Consumable Fuels"
540426,RELSTRUCT,Relstruct Buildcon Ltd,S,MT,10.00,INE792V01010,Realty
543805,RESGEN,Resgen Ltd,Active,M,10.00,INE0NYN01016,"Oil, Gas & Consumable Fuels"
544391,RETAGGIO,Retaggio Industries Ltd,Active,M,10.00,INE0KWJ01014,Consumer Durables
543902,RETINA,Retina Paints Ltd,Active,M,10.00,INE0NTC01019,Consumer Durables
543744,REXSEAL,Rex Sealing and Packing Industries Ltd,Active,M,10.00,INE0MFT01014,Capital Goods
541151,RIDINGS,Ridings Consulting Engineers India Ltd,S,MT,10.00,INE314Z01014,Services
544340,RIKHAV,Rikhav Securities Ltd,Active,MT,5.00,INE0CFH01028,Financial Services
540843,RITHWIKFMS,Rithwik Facility Management Services Ltd,Active,MT,10.00,INE819Y01015,Services
536456,RJBIOTECH,R J Bio-Tech Ltd,S,MT,10.00,INE594O01015,Fast Moving Consumer Goods
540358,RMC,RMC Switchgears Ltd,Active,M,10.00,INE655V01019,Capital Goods
543787,ROBU,Macfos Ltd,Active,M,10.00,INE0OLH01013,Consumer Services
542145,RONI,Roni Households Ltd,Active,MT,10.00,INE02AP01013,Services
542599,ROOPSHRI,Roopshri Resorts Ltd,Active,MT,10.00,INE03WT01017,Consumer Services
544143,ROYAL,Royal Sense Ltd,Active,M,10.00,INE0QQG01019,Healthcare
540082,RSTL,Riddhi Steel and Tube Ltd,Active,MT,10.00,INE367U01013,Capital Goods
539836,RUBY,Ruby Cables Ltd,S,MT,10.00,INE812T01010,Capital Goods
544121,RUDRAGAS,Rudra Gas Enterprise Ltd,Active,MT,10.00,INE0OYK01010,Construction
544257,SAFE,Sodhani Academy of Fintech Enablers Ltd,Active,MT,10.00,INE0Q3401017,Consumer Services
540715,SAGAR,Sagar Diamonds Ltd,S,MT,10.00,INE146Y01013,Consumer Durables
544170,SAI,Sai Swami Metals and Alloys Ltd,Active,M,10.00,INE0QXT01018,Consumer Durables
543541,SAILANI,Sailani Tours N Travels Ltd,Active,M,10.00,INE0KHQ01010,Consumer Services
780015,SANASATECH (ITP),Sanasa Tech Feb Ltd (ITP),S,IP,10.00,INE760Q01017,-
543897,SANCODE,Sancode Technologies Ltd,Active,MT,10.00,INE0P7001013,Information Technology
544189,SATTRIX,Sattrix Information Security Ltd,Active,MT,10.00,INE0QUV01010,Information Technology
543366,SBLI,SBL Infratech Ltd,Active,M,10.00,INE0DLM01024,Realty
540782,SBRANDS,Sanghvi Brands Ltd,Active,MT,10.00,INE204Y01010,Consumer Services
544074,SBVCL,Shri Balaji Valve Components Ltd,Active,MT,10.00,INE0RNZ01014,Capital Goods
543537,SCARNOSE,Scarnose International Ltd,Active,MT,10.00,INE0IXR01019,Textiles
535647,SDC,SDC Techmedia Ltd,Active,M,10.00,INE807O01011,"Media, Entertainment & Publication"
543782,SEALMATIC,Sealmatic India Ltd,Active,MT,10.00,INE0O4601016,Capital Goods
543515,SEML,Sunrise Efficient Marketing Ltd,Active,MT,10.00,INE0KPY01017,Services
544428,SEVL,Supertech Ev Ltd,Active,M,10.00,INE0SC101013,Automobile and Auto Components
543519,SFSL,Shashwat Furnishing Solutions Ltd,Active,M,10.00,INE0JMN01019,Consumer Durables
543391,SGFRL,Suyog Gurbaxani Funicular Ropeways Ltd,Active,MT,10.00,INE07GA01011,Construction
544365,SHANMUGA,Shanmuga Hospital Ltd,Active,M,10.00,INE0TD301017,Healthcare
544059,SHANTIDENM,Shanti Spintex Ltd,Active,M,10.00,INE0QZQ01019,Textiles
534708,SHANTIGURU,Shanti Guru Industries Ltd,Active,MT,10.00,INE892L01019,Consumer Services
543963,SHELTER,Shelter Pharma Ltd,Active,M,10.00,INE013V01011,Healthcare
543244,SHINEFASH,Shine Fashions (India) Ltd,Active,MT,5.00,INE0BLY01023,Textiles
540072,SHIVAEXPO,Shiva Granito Export Ltd,Active,M,10.00,INE191V01015,Construction Materials
544165,SHIVAM,Shivam Chemicals Ltd,Active,M,10.00,INE0SGR01013,Fast Moving Consumer Goods
544272,SHIVTEXCHEM,Shiv Texchem Ltd,Active,M,10.00,INE0YRO01015,Chemicals
543970,SHOORA,Shoora Designs Ltd,Active,MT,10.00,INE0OJZ01019,Consumer Durables
544083,SHREE,Shree Marutinandan Tubes Ltd,Active,MT,10.00,INE0QIS01011,Capital Goods
544372,SHREENATH,Shreenath Paper Products Ltd,Active,MT,10.00,INE0RXS01018,Services
541112,SHREESHAY,Shreeshay Engineers Ltd,Active,M,10.00,INE452Z01012,Construction
540736,SIDDH,Siddharth Education Services Ltd,D,M,10.00,INE930X01012,Consumer Services
543536,SILVERPRL,Silver Pearl Hospitality & Luxury Spaces Ltd,Active,M,10.00,INE0KXN01014,Consumer Services
538667,SIROHIA,Sirohia & Sons Ltd,Active,M,10.00,INE785O01019,Services
543598,SISL,Shantidoot Infra Services Ltd,Active,MT,10.00,INE0LU301014,Realty
544047,SIYARAM,Siyaram Recycling Industries Ltd,Active,M,10.00,INE0QSK01017,Capital Goods
542728,SKIEL,SK International Export Ltd,Active,MT,10.00,INE04ST01013,Consumer Durables
542146,SKIFL,Shree Krishna Infrastructure Ltd,Active,MT,10.00,INE951Z01013,Realty
540269,SKL,Super Fine Knitters Ltd,Active,MT,10.00,INE459U01018,Consumer Durables
544056,SMARITIME,Sahara Maritime Ltd,Active,M,10.00,INE0PSJ01011,Services
543065,SMAUTO,SM Auto Stamping Ltd,Active,M,10.00,INE0C4I01011,Capital Goods
541799,SMEL,Sungold Media and Entertainment Ltd,Active,MT,10.00,INE266S01011,"Media, Entertainment & Publication"
544354,SOLARIUM,Solarium Green Energy Ltd,Active,MT,10.00,INE0W0H01017,Construction
543924,SONALIS,Sonalis Consumer Products Ltd,Active,M,10.00,INE0N5O01013,Fast Moving Consumer Goods
540084,SPICY,Spicy Entertainment and Media Ltd,D,MT,10.00,INE592O01019,"Media, Entertainment & Publication"
544392,SPINAROO,Spinaroo Commercial Ltd,Active,M,10.00,INE10XX01012,Forest Materials
543464,SPITZE,Maruti Interior Products Ltd,Active,M,10.00,INE0JSJ01014,Consumer Durables
544035,SPL,Swashthik Plascon Ltd,Active,MT,10.00,INE0RDR01012,Capital Goods
536710,SRGFFL,SRG Fingrow Finance Ltd,Active,M,10.00,INE326P01019,Financial Services
544399,SRIGEE,Srigee Dlm Ltd,Active,MT,10.00,INE0RJ901010,Capital Goods
535466,SRL,Samruddhi Realty Ltd,S,M,10.00,INE621O01016,Realty
543615,SRSOLTD,Silicon Rental Solutions Ltd,Active,M,10.00,INE0MNV01014,Services
544251,SSL,Share Samadhan Ltd,Active,M,10.00,INE0LY301010,Financial Services
539026,SSPNFIN,SSPN Finance Ltd,Active,M,10.00,INE820R01017,Financial Services
543461,SSTL,Safa Systems & Technologies Ltd,Active,MT,10.00,INE0JNA01014,Services
544171,STAL,Storage Technologies and Automation Ltd,Active,M,10.00,INE0RGM01016,Capital Goods
536738,STELLAR,Stellar Capital Services Ltd,Active,M,10.00,INE325P01011,Financial Services
543622,STML,Steelman Telecom Ltd,Active,M,10.00,INE0MSK01016,Telecommunication
544267,SUBAM,Subam Papers Ltd,Active,M,10.00,INE0U6201010,Capital Goods
536671,SUBHTEX,Subh Tex (India) Ltd,D,MT,10.00,INE427O01018,Textiles
543828,SUDARSHAN,Sudarshan Pharma Industries Ltd,Active,MT,1.00,INE00TV01023,Chemicals
542683,SUICH,Suich Industries Ltd,D,MT,10.00,INE00CU01013,Telecommunication
544001,SUNITATOOL,Sunita Tools Ltd,Active,MT,10.00,INE0Q1S01010,Capital Goods
542025,SUNRETAIL,Sun Retail Ltd,Active,M,1.00,INE206Z01020,Services
544381,SUPERIRON,Super Iron Foundry Ltd,Active,MT,10.00,INE16IQ01014,Capital Goods
780008,SUPERNOVA (ITP),Supernova Advertising Ltd (ITP),S,IP,10.00,INE018Q01010,-
541701,SUPERSHAKT,Supershakti Metaliks Ltd,Active,MT,10.00,INE00SY01011,Capital Goods
543274,SUUMAYA,Suumaya Corporation Ltd,Active,MT,10.00,INE0EMB01015,Textiles
543799,SVJ,S. V. J. ENTERPRISES Ltd,Active,MT,10.00,INE0JZS01010,Forest Materials
543373,SVRL,Shri Venkatesh Refineries Ltd,Active,M,10.00,INE0HLJ01013,Fast Moving Consumer Goods
543745,SVS,SVS Ventures Ltd,Active,MT,10.00,INE0MID01012,Realty
544082,SWANAGRO,New Swan Multitech Ltd,Active,M,10.00,INE0GEN01012,Automobile and Auto Components
544368,SWASTH,Swasth Foodtech India Ltd,Active,MT,10.00,INE0TIR01017,Fast Moving Consumer Goods
539842,SYSCO,Sysco Industries Ltd,D,MT,10.00,INE410U01011,Capital Goods
540332,TANVI,Tanvi Foods (India) Ltd,Active,M,10.00,INE978V01015,Fast Moving Consumer Goods
538496,TARINI,Tarini International Ltd,Active,MT,10.00,INE849M01017,Services
543991,TECHKGREEN,Techknowgreen Solutions Ltd,Active,MT,10.00,INE0P4P01011,Services
544327,TECHNICHEM,Technichem Organics Ltd,Active,M,10.00,INE0ZHT01012,Chemicals
543656,TECHNOPACK,Technopack Polymers Ltd,Active,MT,10.00,INE0MXP01015,Consumer Durables
537119,TENTIMETAL,Tentiwala Metal Products Ltd,D,M,10.00,INE486P01011,Metals & Mining
544175,TGIF,TGIF Agribusiness Ltd,Active,M,10.00,INE0SMU01015,Fast Moving Consumer Goods
544214,THREEMPAPE,Three M Paper Boards Ltd,Active,MT,10.00,INE0UK501010,Forest Materials
543310,TIMESGREEN,Times Green Energy (India) Ltd,Active,MT,10.00,INE0B6101012,Fast Moving Consumer Goods
539985,TITAANIUM,Titaanium Ten Enterprise Ltd,Active,MT,10.00,INE120V01014,Textiles
543616,TLL,Trident Lifeline Ltd,Active,M,10.00,INE0MKA01014,Healthcare
543754,TRANSVOY,Transvoy Logistics India Ltd,Active,MT,10.00,INE0MPU01011,Services
544242,TRAVELS,Travels & Rentals Ltd,Active,MT,10.00,INE0SG001011,Consumer Services
544303,TTC,Toss The Coin Ltd,Active,MT,10.00,INE0XAY01012,"Media, Entertainment & Publication"
544406,UNIFIED,Unified Data Tech Solutions Ltd,Active,M,10.00,INE1ABX01018,Information Technology
537582,UNISHIRE,Unishire Urban Infra Ltd,Active,MT,10.00,INE210P01015,Realty
544433,VALINDIA,Valencia India Ltd,Active,M,10.00,INE130701019,Consumer Services
544329,VANDU,Leo Dryfruits & Spices Trading Ltd,Active,MT,10.00,INE0RH001011,Fast Moving Consumer Goods
540729,VANTABIO,Vanta Bioscience Ltd,Active,MT,10.00,INE695X01011,Healthcare
544168,VARYAA,Varyaa Creations Ltd,Active,M,10.00,INE0R6801013,Consumer Durables
543623,VEDANTASSET,Vedant Asset Ltd,Active,MT,10.00,INE0NC801013,Financial Services
543931,VEEFIN,Veefin Solutions Ltd,Active,MT,10.00,INE0Q0M01015,Information Technology
543545,VEERKRUPA,Veerkrupa Jewellers Ltd,Active,M,1.00,INE0ID001024,Consumer Durables
890163,VIDLIPP,Vidli Restaurants Ltd,D,M,10.00,IN9564S01017,-
544002,VIVAA,Vivaa Tradecom Ltd,Active,M,10.00,INE0PA601017,Textiles
543597,VOEPL,Virtuoso Optoelectronics Ltd,Active,M,10.00,INE0I0T01010,Consumer Durables
544011,VPL,Vrundavan Plantation Ltd,Active,M,10.00,INE0Q6901013,Services
544157,VRUDDHI,Vruddhi Engineering Works Ltd,Active,MT,10.00,INE0OMZ01013,Capital Goods
544219,VVIPIL,VVIP Infratech Ltd,Active,MT,10.00,INE0MNP01016,Utilities
541445,WAA,Waa Solar Ltd,Active,M,10.00,INE799N01012,Power
539337,WAAREE,Waaree Technologies Ltd,Active,MT,10.00,INE725P01012,Power
780016,WEBSL (ITP),Web Element Solutions Ltd (ITP),Active,IP,10.00,INE562Q01017,-
538128,WOMENSNEXT,Womens Next Loungeries Ltd,D,MT,10.00,INE174Q01011,Consumer Durables
544310,YASHHV,Yash Highvoltage Ltd,Active,M,5.00,INE00GK01023,Capital Goods
540550,YUG,Yug Decor Ltd,Active,M,10.00,INE796W01019,Chemicals
538579,ZINEMA,Zinema Media And Entertainment Ltd,Active,M,10.00,INE641Q01019,Services
